{"cameraMode":{"drawMode":0,"name":"Shaded","section":"Shading Mode"},"sceneLighting":true,"audioPlay":false,"sceneViewState":{"showFog":true,"showMaterialUpdate":false,"showSkybox":true,"showFlares":true,"showImageEffects":true,"showParticleSystems":true},"in2DMode":false,"pivot":{"x":3.0226731300354006,"y":0.08157570660114289,"z":-0.23665237426757813},"rotation":{"x":-0.02316340059041977,"y":0.5942161679267883,"z":-0.017123986035585405,"w":-0.8037898540496826},"size":0.28741413354873659,"orthographic":false}